-- MySQL dump 10.13  Distrib 8.0.16, for osx10.12 (x86_64)
--
-- Host: 127.0.0.1    Database: BoEC2
-- ------------------------------------------------------
-- Server version	8.0.22

/*!40101 SET @OLD_CHARACTER_SET_CLIENT=@@CHARACTER_SET_CLIENT */;
/*!40101 SET @OLD_CHARACTER_SET_RESULTS=@@CHARACTER_SET_RESULTS */;
/*!40101 SET @OLD_COLLATION_CONNECTION=@@COLLATION_CONNECTION */;
 SET NAMES utf8mb4 ;
/*!40103 SET @OLD_TIME_ZONE=@@TIME_ZONE */;
/*!40103 SET TIME_ZONE='+00:00' */;
/*!40014 SET @OLD_UNIQUE_CHECKS=@@UNIQUE_CHECKS, UNIQUE_CHECKS=0 */;
/*!40014 SET @OLD_FOREIGN_KEY_CHECKS=@@FOREIGN_KEY_CHECKS, FOREIGN_KEY_CHECKS=0 */;
/*!40101 SET @OLD_SQL_MODE=@@SQL_MODE, SQL_MODE='NO_AUTO_VALUE_ON_ZERO' */;
/*!40111 SET @OLD_SQL_NOTES=@@SQL_NOTES, SQL_NOTES=0 */;

--
-- Table structure for table `customer`
--

DROP TABLE IF EXISTS `customer`;
/*!40101 SET @saved_cs_client     = @@character_set_client */;
 SET character_set_client = utf8mb4 ;
CREATE TABLE `customer` (
  `id` bigint NOT NULL AUTO_INCREMENT,
  `last_name` varchar(255) DEFAULT NULL,
  `first_name` varchar(255) DEFAULT NULL,
  `prior_customer` bit(1) DEFAULT NULL,
  PRIMARY KEY (`id`)
) ENGINE=InnoDB AUTO_INCREMENT=11 DEFAULT CHARSET=utf8mb4 COLLATE=utf8mb4_0900_ai_ci;
/*!40101 SET character_set_client = @saved_cs_client */;

--
-- Dumping data for table `customer`
--

LOCK TABLES `customer` WRITE;
/*!40000 ALTER TABLE `customer` DISABLE KEYS */;
INSERT INTO `customer` VALUES (1,'MCK','Wilson',_binary ''),(2,'Jack','Aubrey',_binary ''),(3,'Thành Draw','Jacey',_binary ''),(4,'HIEUTHUHAI','Dalton',_binary '\0'),(5,'Trần Dũng','Lexus',_binary '\0'),(6,'Đăng Biên','Vaughn',_binary '\0'),(7,'Đình Tùng','Dee',_binary ''),(8,'Tú','Emma',_binary ''),(9,'Sơn Tùng','Einar',_binary ''),(10,'Ronaldo','Afton',_binary '\0');
/*!40000 ALTER TABLE `customer` ENABLE KEYS */;
UNLOCK TABLES;

--
-- Table structure for table `jhi_authority`
--

DROP TABLE IF EXISTS `jhi_authority`;
/*!40101 SET @saved_cs_client     = @@character_set_client */;
 SET character_set_client = utf8mb4 ;
CREATE TABLE `jhi_authority` (
  `name` varchar(50) NOT NULL,
  PRIMARY KEY (`name`)
) ENGINE=InnoDB DEFAULT CHARSET=utf8mb4 COLLATE=utf8mb4_0900_ai_ci;
/*!40101 SET character_set_client = @saved_cs_client */;

--
-- Dumping data for table `jhi_authority`
--

LOCK TABLES `jhi_authority` WRITE;
/*!40000 ALTER TABLE `jhi_authority` DISABLE KEYS */;
INSERT INTO `jhi_authority` VALUES ('ROLE_ADMIN'),('ROLE_USER');
/*!40000 ALTER TABLE `jhi_authority` ENABLE KEYS */;
UNLOCK TABLES;

--
-- Table structure for table `jhi_user`
--

DROP TABLE IF EXISTS `jhi_user`;
/*!40101 SET @saved_cs_client     = @@character_set_client */;
 SET character_set_client = utf8mb4 ;
CREATE TABLE `jhi_user` (
  `id` bigint NOT NULL AUTO_INCREMENT,
  `login` varchar(50) NOT NULL,
  `password_hash` varchar(60) NOT NULL,
  `first_name` varchar(50) DEFAULT NULL,
  `last_name` varchar(50) DEFAULT NULL,
  `email` varchar(191) DEFAULT NULL,
  `image_url` varchar(256) DEFAULT NULL,
  `activated` bit(1) NOT NULL,
  `lang_key` varchar(10) DEFAULT NULL,
  `activation_key` varchar(20) DEFAULT NULL,
  `reset_key` varchar(20) DEFAULT NULL,
  `created_by` varchar(50) NOT NULL,
  `created_date` timestamp NULL,
  `reset_date` timestamp NULL DEFAULT NULL,
  `last_modified_by` varchar(50) DEFAULT NULL,
  `last_modified_date` timestamp NULL DEFAULT NULL,
  PRIMARY KEY (`id`),
  UNIQUE KEY `ux_user_login` (`login`),
  UNIQUE KEY `ux_user_email` (`email`)
) ENGINE=InnoDB AUTO_INCREMENT=3 DEFAULT CHARSET=utf8mb4 COLLATE=utf8mb4_0900_ai_ci;
/*!40101 SET character_set_client = @saved_cs_client */;

--
-- Dumping data for table `jhi_user`
--

LOCK TABLES `jhi_user` WRITE;
/*!40000 ALTER TABLE `jhi_user` DISABLE KEYS */;
INSERT INTO `jhi_user` VALUES (1,'admin','$2a$10$gSAhZrxMllrbgj/kkK9UceBPpChGWJA7SYIb1Mqo.n5aNLq1/oRrC','Administrator','Administrator','admin@localhost','',_binary '','en',NULL,NULL,'system',NULL,NULL,'system',NULL),(2,'user','$2a$10$VEjxo0jq2YG9Rbk2HmX9S.k1uZBGYUHdUcid3g/vfiEl7lwWgOH/K','User','User','user@localhost','',_binary '','en',NULL,NULL,'system',NULL,NULL,'system',NULL);
/*!40000 ALTER TABLE `jhi_user` ENABLE KEYS */;
UNLOCK TABLES;

--
-- Table structure for table `jhi_user_authority`
--

DROP TABLE IF EXISTS `jhi_user_authority`;
/*!40101 SET @saved_cs_client     = @@character_set_client */;
 SET character_set_client = utf8mb4 ;
CREATE TABLE `jhi_user_authority` (
  `user_id` bigint NOT NULL,
  `authority_name` varchar(50) NOT NULL,
  PRIMARY KEY (`user_id`,`authority_name`),
  KEY `fk_authority_name` (`authority_name`),
  CONSTRAINT `fk_authority_name` FOREIGN KEY (`authority_name`) REFERENCES `jhi_authority` (`name`),
  CONSTRAINT `fk_user_id` FOREIGN KEY (`user_id`) REFERENCES `jhi_user` (`id`)
) ENGINE=InnoDB DEFAULT CHARSET=utf8mb4 COLLATE=utf8mb4_0900_ai_ci;
/*!40101 SET character_set_client = @saved_cs_client */;

--
-- Dumping data for table `jhi_user_authority`
--

LOCK TABLES `jhi_user_authority` WRITE;
/*!40000 ALTER TABLE `jhi_user_authority` DISABLE KEYS */;
INSERT INTO `jhi_user_authority` VALUES (1,'ROLE_ADMIN'),(1,'ROLE_USER'),(2,'ROLE_USER');
/*!40000 ALTER TABLE `jhi_user_authority` ENABLE KEYS */;
UNLOCK TABLES;

--
-- Table structure for table `orders`
--

DROP TABLE IF EXISTS `orders`;
/*!40101 SET @saved_cs_client     = @@character_set_client */;
 SET character_set_client = utf8mb4 ;
CREATE TABLE `orders` (
  `id` bigint NOT NULL AUTO_INCREMENT,
  `date` datetime(6),
  `customer_id` bigint DEFAULT NULL,
  `payment_id` bigint DEFAULT NULL,
  `state_id` bigint DEFAULT NULL,
  `shipment_id` bigint DEFAULT NULL,
  PRIMARY KEY (`id`),
  KEY `fk_orders__customer_id` (`customer_id`),
  KEY `fk_orders__payment_id` (`payment_id`),
  KEY `fk_orders__state_id` (`state_id`),
  KEY `fk_orders__shipment_id` (`shipment_id`),
  CONSTRAINT `fk_orders__customer_id` FOREIGN KEY (`customer_id`) REFERENCES `customer` (`id`),
  CONSTRAINT `fk_orders__payment_id` FOREIGN KEY (`payment_id`) REFERENCES `payment` (`id`),
  CONSTRAINT `fk_orders__shipment_id` FOREIGN KEY (`shipment_id`) REFERENCES `shipment` (`id`),
  CONSTRAINT `fk_orders__state_id` FOREIGN KEY (`state_id`) REFERENCES `state` (`id`)
) ENGINE=InnoDB AUTO_INCREMENT=11 DEFAULT CHARSET=utf8mb4 COLLATE=utf8mb4_0900_ai_ci;
/*!40101 SET character_set_client = @saved_cs_client */;

--
-- Dumping data for table `orders`
--

LOCK TABLES `orders` WRITE;
/*!40000 ALTER TABLE `orders` DISABLE KEYS */;
INSERT INTO `orders` VALUES (1,'2021-05-08 16:48:33.000000',3,1,2,2),(2,'2021-05-08 03:22:04.000000',3,4,3,2),(3,'2021-05-08 18:18:12.000000',4,5,5,1),(4,'2021-05-08 01:55:08.000000',9,2,2,5),(5,'2021-05-08 20:45:47.000000',6,9,2,4),(6,'2021-05-08 22:18:37.000000',6,6,8,5),(7,'2021-05-08 02:37:34.000000',4,4,3,3),(8,'2021-05-08 14:21:17.000000',1,5,2,9),(9,'2021-05-08 09:35:52.000000',10,3,3,3),(10,'2021-05-08 05:29:18.000000',5,6,4,1);
/*!40000 ALTER TABLE `orders` ENABLE KEYS */;
UNLOCK TABLES;

--
-- Table structure for table `payment`
--

DROP TABLE IF EXISTS `payment`;
/*!40101 SET @saved_cs_client     = @@character_set_client */;
 SET character_set_client = utf8mb4 ;
CREATE TABLE `payment` (
  `id` bigint NOT NULL AUTO_INCREMENT,
  `description` varchar(255) DEFAULT NULL,
  PRIMARY KEY (`id`)
) ENGINE=InnoDB AUTO_INCREMENT=11 DEFAULT CHARSET=utf8mb4 COLLATE=utf8mb4_0900_ai_ci COMMENT='The Employee entity.';
/*!40101 SET character_set_client = @saved_cs_client */;

--
-- Dumping data for table `payment`
--

LOCK TABLES `payment` WRITE;
/*!40000 ALTER TABLE `payment` DISABLE KEYS */;
INSERT INTO `payment` VALUES (1,'COD'),(2,'ATM'),(3,'VIETTEL-PAY'),(4,'VNPT-PAY'),(5,'VISA'),(6,'MASTERCARD'),(7,'VISA-DEBIT'),(8,'VISA-CREDIT'),(9,'MOMO'),(10,'QRPAY');
/*!40000 ALTER TABLE `payment` ENABLE KEYS */;
UNLOCK TABLES;

--
-- Table structure for table `product`
--

DROP TABLE IF EXISTS `product`;
/*!40101 SET @saved_cs_client     = @@character_set_client */;
 SET character_set_client = utf8mb4 ;
CREATE TABLE `product` (
  `id` bigint NOT NULL AUTO_INCREMENT,
  `name` varchar(255) DEFAULT NULL,
  `price` bigint DEFAULT NULL,
  PRIMARY KEY (`id`)
) ENGINE=InnoDB AUTO_INCREMENT=11 DEFAULT CHARSET=utf8mb4 COLLATE=utf8mb4_0900_ai_ci;
/*!40101 SET character_set_client = @saved_cs_client */;

--
-- Dumping data for table `product`
--

LOCK TABLES `product` WRITE;
/*!40000 ALTER TABLE `product` DISABLE KEYS */;
INSERT INTO `product` VALUES (1,'Steel',31485),(2,'calculating cross-platform Principal',35091),(3,'wireless Handmade',76808),(4,'deposit Track actuating',64964),(5,'Division',13165),(6,'Card',44325),(7,'models partnerships Infrastructure',91058),(8,'compressing withdrawal green',70316),(9,'Gloves Drive',69325),(10,'Car',16911);
/*!40000 ALTER TABLE `product` ENABLE KEYS */;
UNLOCK TABLES;

--
-- Table structure for table `product_order`
--

DROP TABLE IF EXISTS `product_order`;
/*!40101 SET @saved_cs_client     = @@character_set_client */;
 SET character_set_client = utf8mb4 ;
CREATE TABLE `product_order` (
  `id` bigint NOT NULL AUTO_INCREMENT,
  `quantity` bigint DEFAULT NULL,
  `order_id` bigint DEFAULT NULL,
  `product_id` bigint DEFAULT NULL,
  PRIMARY KEY (`id`),
  KEY `fk_product_order__order_id` (`order_id`),
  KEY `fk_product_order__product_id` (`product_id`),
  CONSTRAINT `fk_product_order__order_id` FOREIGN KEY (`order_id`) REFERENCES `orders` (`id`),
  CONSTRAINT `fk_product_order__product_id` FOREIGN KEY (`product_id`) REFERENCES `product` (`id`)
) ENGINE=InnoDB AUTO_INCREMENT=11 DEFAULT CHARSET=utf8mb4 COLLATE=utf8mb4_0900_ai_ci;
/*!40101 SET character_set_client = @saved_cs_client */;

--
-- Dumping data for table `product_order`
--

LOCK TABLES `product_order` WRITE;
/*!40000 ALTER TABLE `product_order` DISABLE KEYS */;
INSERT INTO `product_order` VALUES (1,34384,NULL,NULL),(2,7124,NULL,NULL),(3,11446,NULL,NULL),(4,1494,NULL,NULL),(5,18716,NULL,NULL),(6,94428,NULL,NULL),(7,57858,NULL,NULL),(8,19246,NULL,NULL),(9,75399,NULL,NULL),(10,64871,NULL,NULL);
/*!40000 ALTER TABLE `product_order` ENABLE KEYS */;
UNLOCK TABLES;

--
-- Table structure for table `shipment`
--

DROP TABLE IF EXISTS `shipment`;
/*!40101 SET @saved_cs_client     = @@character_set_client */;
 SET character_set_client = utf8mb4 ;
CREATE TABLE `shipment` (
  `id` bigint NOT NULL AUTO_INCREMENT,
  `address` varchar(255) DEFAULT NULL,
  `street` varchar(255) DEFAULT NULL,
  `city` varchar(255) DEFAULT NULL,
  `zip_code` varchar(255) DEFAULT NULL,
  `customer_id` bigint DEFAULT NULL,
  PRIMARY KEY (`id`),
  KEY `fk_shipment__customer_id` (`customer_id`),
  CONSTRAINT `fk_shipment__customer_id` FOREIGN KEY (`customer_id`) REFERENCES `customer` (`id`)
) ENGINE=InnoDB AUTO_INCREMENT=11 DEFAULT CHARSET=utf8mb4 COLLATE=utf8mb4_0900_ai_ci COMMENT='not an ignored comment';
/*!40101 SET character_set_client = @saved_cs_client */;

--
-- Dumping data for table `shipment`
--

LOCK TABLES `shipment` WRITE;
/*!40000 ALTER TABLE `shipment` DISABLE KEYS */;
INSERT INTO `shipment` VALUES (1,'Mouse Villages','Granville Points','Pfannerstillbury','46134',NULL),(2,'Representative Plastic','Lemuel Pines','Jacquesfort','40275-1614',NULL),(3,'Terrace orange Programmable','Cleveland View','Rustyview','54103-1800',NULL),(4,'experiences multi-tasking Tasty','Kling Village','Eagan','13507',NULL),(5,'Avon','Powlowski Crossing','Okunevaborough','17072',NULL),(6,'withdrawal coherent Frozen','Kobe Spurs','El Paso','31747-0709',NULL),(7,'content-based','Lottie Junctions','Priceberg','77149-3387',NULL),(8,'Account program','Shaniya Locks','Roobport','23901',NULL),(9,'Optimization synthesizing Orchestrator','Diego Valley','Baileybury','64055',NULL),(10,'Rustic override','Kyleigh Squares','New Leomouth','79011',NULL);
/*!40000 ALTER TABLE `shipment` ENABLE KEYS */;
UNLOCK TABLES;

--
-- Table structure for table `state`
--

DROP TABLE IF EXISTS `state`;
/*!40101 SET @saved_cs_client     = @@character_set_client */;
 SET character_set_client = utf8mb4 ;
CREATE TABLE `state` (
  `id` bigint NOT NULL AUTO_INCREMENT,
  `name` varchar(255) DEFAULT NULL,
  `tax_rate` float DEFAULT NULL,
  PRIMARY KEY (`id`)
) ENGINE=InnoDB AUTO_INCREMENT=11 DEFAULT CHARSET=utf8mb4 COLLATE=utf8mb4_0900_ai_ci;
/*!40101 SET character_set_client = @saved_cs_client */;

--
-- Dumping data for table `state`
--

LOCK TABLES `state` WRITE;
/*!40000 ALTER TABLE `state` DISABLE KEYS */;
INSERT INTO `state` VALUES (1,'salmon',86960),(2,'Bedfordshire Salad',22038),(3,'withdrawal',62021),(4,'Buckinghamshire',14674),(5,'Awesome multi-byte Account',82400),(6,'payment',93614),(7,'copying salmon',63246),(8,'Infrastructure Awesome compressing',80355),(9,'withdrawal',24601),(10,'Chicken',30734);
/*!40000 ALTER TABLE `state` ENABLE KEYS */;
UNLOCK TABLES;

--
-- Dumping routines for database 'BoEC2'
--
/*!40103 SET TIME_ZONE=@OLD_TIME_ZONE */;

/*!40101 SET SQL_MODE=@OLD_SQL_MODE */;
/*!40014 SET FOREIGN_KEY_CHECKS=@OLD_FOREIGN_KEY_CHECKS */;
/*!40014 SET UNIQUE_CHECKS=@OLD_UNIQUE_CHECKS */;
/*!40101 SET CHARACTER_SET_CLIENT=@OLD_CHARACTER_SET_CLIENT */;
/*!40101 SET CHARACTER_SET_RESULTS=@OLD_CHARACTER_SET_RESULTS */;
/*!40101 SET COLLATION_CONNECTION=@OLD_COLLATION_CONNECTION */;
/*!40111 SET SQL_NOTES=@OLD_SQL_NOTES */;

-- Dump completed on 2021-05-10  9:15:54
